Division,DeptProg
Humanities,AR
Humanities,CL
Humanities,EA
Humanities,EN
Humanities,FR
Humanities,IT
Humanities,GM
Humanities,RU
Humanities,MU
Humanities,PL
Humanities,RE
Humanities,SP
Humanities,TD
Humanities,JA
Humanities,GK
Social Divisions,AY
Social Divisions,EC
Social Divisions,GO
Social Divisions,HI
Social Divisions,PS
Social Divisions,SO
Natural Sciences,BI
Natural Sciences,CH
Natural Sciences,CS
Natural Sciences,GE
Natural Sciences,MA
Natural Sciences,PH
Natural Sciences,AS
Interdisciplinary Studies,AA
Interdisciplinary Studies,AM
Interdisciplinary Studies,CI
Interdisciplinary Studies,ED
Interdisciplinary Studies,ES
Interdisciplinary Studies,GS
Interdisciplinary Studies,JS
Interdisciplinary Studies,LA
Interdisciplinary Studies,ST
Interdisciplinary Studies,WG
